instance,namePrefix,insId,constId,pb,n,p,coef,rangeC,rangeGapC,nodesel,varsel,OB,solved,YN,rangeZ1,rangeGapZ1,rangeZ2,rangeGapZ2,rangeZ3,rangeGapZ3,ratioNDcoef,nbnodes,mindepthT,maxdepthT,avgdepthT,avgdepthYN,nbleaf,nbinfeas,pctinfeas,tpsinfeas,nbopt,pctopt,tpsopt,nbdomi,pctdomi,avgdomi,nbLB,avgfacets,avgNDf,pctavgNDf,avgWNDf,pctWNDf,maxfacets,maxNDf,pctmaxNDf,maxWNDf,pctmaxWNDf,tpstotal,tpsLB,pcttpsLB,tpsdomi,pcttpsdomi,tpsUB,pcttpsUB,tpsnodesel,pcttpsnodesel,tpsvarsel,pcttpsvarsel,tpsOB,pcttpsOB,tpsSLUB,pcttpsSLUB,tpsdomiLUB,pcttpsdomiLUB,nbOB,pctnbOB,avgdepthOB,mindepthOB,maxdepthOB,avgnbpbOB,maxnbpbOB
Forget20-AP_6_3_1-10_2box_1_1,Forget20-AP_6_3_1-10_2box,1,1,AP,36,3,2box,"[1,10]",9,breadth,mfavg,None,TRUE,42,"[-47,-13]",34,"[-57,-18]",39,"[-48,-13]",35,0.13889,171,4,14,8.71,3.14,86,0,0,0,33,38.37,0.84,53,61.63,1.61,171,8.58,1.97,22.96,6.61,77,31,17,54.84,14,45.16,0.28,0.27,94.58,0.01,3.43,0,0.63,0,0.01,0,0.03,0,0,0,0,0,0,0,0,0,2147483647,0,0,0
Forget20-AP_6_3_1-10_2box_1_1,Forget20-AP_6_3_1-10_2box,1,1,AP,36,3,2box,"[1,10]",9,breadth,mof,None,TRUE,42,"[-47,-13]",34,"[-57,-18]",39,"[-48,-13]",35,0.13889,185,4,14,8.9,3.12,93,0,0,0,32,34.41,0.84,61,65.59,1.51,185,8.47,1.81,21.38,6.66,78.63,31,17,54.84,14,45.16,0.31,0.29,94.3,0.01,3.56,0,0.61,0,0.01,0,0.13,0,0,0,0,0,0,0,0,0,2147483647,0,0,0
Forget20-AP_6_3_1-10_2box_1_1,Forget20-AP_6_3_1-10_2box,1,1,AP,36,3,2box,"[1,10]",9,depth,mfavg,None,TRUE,42,"[-47,-13]",34,"[-57,-18]",39,"[-48,-13]",35,0.13889,177,4,14,8.81,3.24,89,0,0,0,39,43.82,0.8,50,56.18,1.54,177,8.24,1.84,22.34,6.4,77.64,31,17,54.84,14,45.16,0.28,0.26,93.77,0.01,2.8,0.01,1.91,0,0.01,0,0.03,0,0,0,0,0,0,0,0,0,2147483647,0,0,0
Forget20-AP_6_3_1-10_2box_1_1,Forget20-AP_6_3_1-10_2box,1,1,AP,36,3,2box,"[1,10]",9,depth,mof,None,TRUE,42,"[-47,-13]",34,"[-57,-18]",39,"[-48,-13]",35,0.13889,197,4,14,9,3.21,99,0,0,0,42,42.42,0.81,57,57.58,1.42,197,8.05,1.66,20.63,6.39,79.42,31,17,54.84,14,45.16,0.3,0.29,94.87,0.01,2.91,0,0.63,0,0.01,0,0.13,0,0,0,0,0,0,0,0,0,2147483647,0,0,0
Forget20-AP_6_3_1-10_2box_1_10,Forget20-AP_6_3_1-10_2box,10,1,AP,36,3,2box,"[1,10]",9,breadth,mfavg,None,TRUE,36,"[-54,-15]",39,"[-55,-14]",41,"[-50,-13]",37,0.11111,159,5,12,7.86,3.14,80,0,0,0,24,30,0.82,56,70,1.7,159,8.4,1.89,22.55,6.5,77.42,28,15,53.57,13,46.43,0.27,0.25,93.26,0.01,4.9,0,0.55,0,0.01,0,0.03,0,0,0,0,0,0,0,0,0,2147483647,0,0,0
Forget20-AP_6_3_1-10_2box_1_10,Forget20-AP_6_3_1-10_2box,10,1,AP,36,3,2box,"[1,10]",9,breadth,mof,None,TRUE,36,"[-54,-15]",39,"[-55,-14]",41,"[-50,-13]",37,0.11111,151,5,12,7.84,3.25,76,0,0,0,21,27.63,0.78,55,72.37,1.64,151,8.59,2.07,24.06,6.52,75.91,28,15,53.57,13,46.43,0.25,0.23,92.97,0.01,5.11,0,0.56,0,0.01,0,0.12,0,0,0,0,0,0,0,0,0,2147483647,0,0,0
Forget20-AP_6_3_1-10_2box_1_10,Forget20-AP_6_3_1-10_2box,10,1,AP,36,3,2box,"[1,10]",9,depth,mfavg,None,TRUE,36,"[-54,-15]",39,"[-55,-14]",41,"[-50,-13]",37,0.11111,173,5,12,8.01,3.19,87,0,0,0,26,29.89,0.8,61,70.11,1.49,173,8.14,1.79,21.95,6.35,78.02,28,15,53.57,13,46.43,0.27,0.26,94.83,0.01,3.17,0,0.57,0,0.01,0,0.03,0,0,0,0,0,0,0,0,0,2147483647,0,0,0
Forget20-AP_6_3_1-10_2box_1_10,Forget20-AP_6_3_1-10_2box,10,1,AP,36,3,2box,"[1,10]",9,depth,mof,None,TRUE,36,"[-54,-15]",39,"[-55,-14]",41,"[-50,-13]",37,0.11111,163,5,12,7.98,3.31,82,0,0,0,23,28.05,0.79,59,71.95,1.49,163,8.14,1.83,22.53,6.31,77.51,28,15,53.57,13,46.43,0.25,0.24,94.36,0.01,3.48,0,0.58,0,0.01,0,0.13,0,0,0,0,0,0,0,0,0,2147483647,0,0,0
Forget20-AP_6_3_1-10_2box_1_2,Forget20-AP_6_3_1-10_2box,2,1,AP,36,3,2box,"[1,10]",9,breadth,mfavg,None,TRUE,34,"[-55,-13]",42,"[-56,-16]",40,"[-57,-15]",42,0.05556,267,5,15,9.1,4.21,134,0,0,0,53,39.55,0.8,81,60.45,1.49,267,7.46,1.22,16.42,6.23,83.55,22,11,50,11,50,0.4,0.37,93.73,0.02,4.35,0,0.48,0,0.01,0,0.03,0,0,0,0,0,0,0,0,0,2147483647,0,0,0
Forget20-AP_6_3_1-10_2box_1_2,Forget20-AP_6_3_1-10_2box,2,1,AP,36,3,2box,"[1,10]",9,breadth,mof,None,TRUE,34,"[-55,-13]",42,"[-56,-16]",40,"[-57,-15]",42,0.05556,231,5,14,8.96,4.32,116,0,0,0,51,43.97,0.81,65,56.03,1.49,231,7.21,1.03,14.23,6.19,85.83,22,11,50,11,50,0.34,0.32,94.43,0.01,3.42,0,0.52,0,0.01,0,0.13,0,0,0,0,0,0,0,0,0,2147483647,0,0,0
Forget20-AP_6_3_1-10_2box_1_2,Forget20-AP_6_3_1-10_2box,2,1,AP,36,3,2box,"[1,10]",9,depth,mfavg,None,TRUE,34,"[-55,-13]",42,"[-56,-16]",40,"[-57,-15]",42,0.05556,311,5,16,9.3,4.21,156,0,0,0,78,50,0.84,78,50,1.49,311,7,1.07,15.24,5.94,84.82,22,11,50,11,50,0.46,0.43,94.44,0.01,2.89,0,0.44,0,0.01,0,0.03,0,0,0,0,0,0,0,0,0,2147483647,0,0,0
Forget20-AP_6_3_1-10_2box_1_2,Forget20-AP_6_3_1-10_2box,2,1,AP,36,3,2box,"[1,10]",9,depth,mof,None,TRUE,34,"[-55,-13]",42,"[-56,-16]",40,"[-57,-15]",42,0.05556,267,5,14,9.04,4.32,134,0,0,0,74,55.22,0.85,60,44.78,1.53,267,6.71,0.87,13.01,5.84,87.06,22,11,50,11,50,0.39,0.37,95.16,0.01,2.74,0,0.47,0,0.01,0,0.13,0,0,0,0,0,0,0,0,0,2147483647,0,0,0
Forget20-AP_6_3_1-10_2box_1_3,Forget20-AP_6_3_1-10_2box,3,1,AP,36,3,2box,"[1,10]",9,breadth,mfavg,None,TRUE,34,"[-55,-20]",35,"[-51,-11]",40,"[-52,-21]",31,0.11111,223,5,13,8.75,3.12,112,0,0,0,43,38.39,0.82,69,61.61,1.76,223,8.59,2,23.28,6.59,76.7,29,16,55.17,13,44.83,0.38,0.36,94.87,0.01,3.34,0,0.46,0,0.01,0,0.03,0,0,0,0,0,0,0,0,0,2147483647,0,0,0
Forget20-AP_6_3_1-10_2box_1_3,Forget20-AP_6_3_1-10_2box,3,1,AP,36,3,2box,"[1,10]",9,breadth,mof,None,TRUE,34,"[-55,-20]",35,"[-51,-11]",40,"[-52,-21]",31,0.11111,225,5,13,8.78,3.09,113,0,0,0,36,31.86,0.82,77,68.14,1.67,225,8.52,1.88,22.11,6.64,77.89,29,16,55.17,13,44.83,0.37,0.35,94.56,0.01,3.49,0,0.48,0,0.01,0,0.12,0,0,0,0,0,0,0,0,0,2147483647,0,0,0
Forget20-AP_6_3_1-10_2box_1_3,Forget20-AP_6_3_1-10_2box,3,1,AP,36,3,2box,"[1,10]",9,depth,mfavg,None,TRUE,34,"[-55,-20]",35,"[-51,-11]",40,"[-52,-21]",31,0.11111,251,5,13,8.84,3.12,126,0,0,0,56,44.44,0.82,70,55.56,1.69,251,8.17,1.81,22.2,6.35,77.75,29,16,55.17,13,44.83,0.4,0.38,95.46,0.01,2.72,0,0.43,0,0.01,0,0.03,0,0,0,0,0,0,0,0,0,2147483647,0,0,0
Forget20-AP_6_3_1-10_2box_1_3,Forget20-AP_6_3_1-10_2box,3,1,AP,36,3,2box,"[1,10]",9,depth,mof,None,TRUE,34,"[-55,-20]",35,"[-51,-11]",40,"[-52,-21]",31,0.11111,251,5,13,8.82,3.09,126,0,0,0,49,38.89,0.81,77,61.11,1.59,251,8.13,1.72,21.13,6.41,78.87,29,16,55.17,13,44.83,0.4,0.37,94.43,0.01,2.82,0,0.44,0,0.01,0,0.13,0,0,0,0,0,0,0,0,0,2147483647,0,0,0
Forget20-AP_6_3_1-10_2box_1_4,Forget20-AP_6_3_1-10_2box,4,1,AP,36,3,2box,"[1,10]",9,breadth,mfavg,None,TRUE,47,"[-55,-10]",45,"[-51,-13]",38,"[-52,-17]",35,0.13889,213,5,14,8.93,3.7,107,0,0,0,37,34.58,0.8,70,65.42,1.51,213,7.86,1.31,16.66,6.55,83.29,30,15,50,15,50,0.34,0.32,92.6,0.01,4.15,0,0.71,0,0.01,0,0.03,0,0,0,0,0,0,0,0,0,2147483647,0,0,0
Forget20-AP_6_3_1-10_2box_1_4,Forget20-AP_6_3_1-10_2box,4,1,AP,36,3,2box,"[1,10]",9,breadth,mof,None,TRUE,47,"[-55,-10]",45,"[-51,-13]",38,"[-52,-17]",35,0.13889,209,5,14,8.87,3.74,105,0,0,0,36,34.29,0.81,69,65.71,1.53,209,7.83,1.3,16.56,6.53,83.42,30,15,50,15,50,0.34,0.31,93.4,0.01,4.3,0,0.69,0,0.01,0,0.13,0,0,0,0,0,0,0,0,0,2147483647,0,0,0
Forget20-AP_6_3_1-10_2box_1_4,Forget20-AP_6_3_1-10_2box,4,1,AP,36,3,2box,"[1,10]",9,depth,mfavg,None,TRUE,47,"[-55,-10]",45,"[-51,-13]",38,"[-52,-17]",35,0.13889,231,5,15,9.03,3.7,116,0,0,0,52,44.83,0.83,64,55.17,1.53,231,7.48,1.19,15.98,6.28,84,30,15,50,15,50,0.36,0.34,93.54,0.01,3.29,0,0.6,0,0.01,0,0.03,0,0,0,0,0,0,0,0,0,2147483647,0,0,0
Forget20-AP_6_3_1-10_2box_1_4,Forget20-AP_6_3_1-10_2box,4,1,AP,36,3,2box,"[1,10]",9,depth,mof,None,TRUE,47,"[-55,-10]",45,"[-51,-13]",38,"[-52,-17]",35,0.13889,225,5,15,8.95,3.74,113,0,0,0,51,45.13,0.83,62,54.87,1.56,225,7.47,1.2,16.01,6.27,83.97,30,15,50,15,50,0.35,0.33,93.52,0.01,3.37,0.01,1.56,0,0.01,0,0.13,0,0,0,0,0,0,0,0,0,2147483647,0,0,0
Forget20-AP_6_3_1-1000_2box_1_1,Forget20-AP_6_3_1-1000_2box,1,1,AP,36,3,2box,"[1,1000]",999,breadth,mfavg,None,TRUE,46,"[-4796,-940]",3856,"[-5008,-779]",4229,"[-4749,-1079]",3670,0.36111,527,5,15,10.11,3.43,264,0,0,0,171,64.77,0.91,93,35.23,1.61,527,6.81,1.09,16.03,5.72,84.01,35,18,51.43,17,48.57,0.8,0.75,93.9,0.03,3.97,0,0.52,0,0.01,0,0.03,0,0,0,0,0,0,0,0,0,2147483647,0,0,0
Forget20-AP_6_3_1-1000_2box_1_1,Forget20-AP_6_3_1-1000_2box,1,1,AP,36,3,2box,"[1,1000]",999,breadth,mof,None,TRUE,46,"[-4796,-940]",3856,"[-5008,-779]",4229,"[-4749,-1079]",3670,0.36111,539,5,15,10.15,3.46,270,0,0,0,175,64.81,0.87,95,35.19,1.49,539,6.74,1.03,15.27,5.71,84.69,35,18,51.43,17,48.57,0.81,0.76,93.8,0.03,3.42,0,0.53,0,0.01,0,0.13,0,0,0,0,0,0,0,0,0,2147483647,0,0,0
Forget20-AP_6_3_1-1000_2box_1_1,Forget20-AP_6_3_1-1000_2box,1,1,AP,36,3,2box,"[1,1000]",999,depth,mfavg,None,TRUE,46,"[-4796,-940]",3856,"[-5008,-779]",4229,"[-4749,-1079]",3670,0.36111,561,5,15,10.19,3.43,281,0,0,0,191,67.97,0.87,90,32.03,1.47,561,6.66,1.03,15.51,5.62,84.44,35,18,51.43,17,48.57,0.81,0.77,94.24,0.02,2.79,0.01,0.94,0,0.01,0,0.03,0,0,0,0,0,0,0,0,0,2147483647,0,0,0
Forget20-AP_6_3_1-1000_2box_1_1,Forget20-AP_6_3_1-1000_2box,1,1,AP,36,3,2box,"[1,1000]",999,depth,mof,None,TRUE,46,"[-4796,-940]",3856,"[-5008,-779]",4229,"[-4749,-1079]",3670,0.36111,567,5,15,10.2,3.46,284,0,0,0,193,67.96,1.07,91,32.04,1.59,567,6.61,0.98,14.88,5.63,85.13,35,18,51.43,17,48.57,0.96,0.91,94.25,0.03,2.96,0.01,0.56,0,0.01,0,0.14,0,0,0,0,0,0,0,0,0,2147483647,0,0,0
Forget20-AP_6_3_1-1000_2box_1_10,Forget20-AP_6_3_1-1000_2box,10,1,AP,36,3,2box,"[1,1000]",999,breadth,mfavg,None,TRUE,136,"[-5120,-617]",4503,"[-5523,-469]",5054,"[-5312,-630]",4682,0.44444,783,6,14,10.56,4.68,392,0,0,0,300,76.53,0.89,92,23.47,1.98,783,6.71,1.26,18.72,5.46,81.32,46,27,58.7,19,41.3,1.29,1.15,89.66,0.08,6.41,0.02,1.71,0,0.01,0,0.03,0,0,0,0,0,0,0,0,0,2147483647,0,0,0
Forget20-AP_6_3_1-1000_2box_1_10,Forget20-AP_6_3_1-1000_2box,10,1,AP,36,3,2box,"[1,1000]",999,breadth,mof,None,TRUE,136,"[-5120,-617]",4503,"[-5523,-469]",5054,"[-5312,-630]",4682,0.44444,805,6,15,10.67,4.68,403,0,0,0,320,79.4,0.89,83,20.6,2.04,805,6.63,1.21,18.29,5.41,81.63,46,27,58.7,19,41.3,1.31,1.17,89.57,0.08,6.08,0.02,1.65,0,0.01,0,0.12,0,0,0,0,0,0,0,0,0,2147483647,0,0,0
Forget20-AP_6_3_1-1000_2box_1_10,Forget20-AP_6_3_1-1000_2box,10,1,AP,36,3,2box,"[1,1000]",999,depth,mfavg,None,TRUE,136,"[-5120,-617]",4503,"[-5523,-469]",5054,"[-5312,-630]",4682,0.44444,803,6,14,10.6,4.68,402,0,0,0,317,78.86,0.88,85,21.14,1.95,803,6.63,1.23,18.49,5.4,81.46,46,27,58.7,19,41.3,1.3,1.17,89.89,0.07,5.77,0.03,2.29,0,0.01,0,0.03,0,0,0,0,0,0,0,0,0,2147483647,0,0,0
Forget20-AP_6_3_1-1000_2box_1_10,Forget20-AP_6_3_1-1000_2box,10,1,AP,36,3,2box,"[1,1000]",999,depth,mof,None,TRUE,136,"[-5120,-617]",4503,"[-5523,-469]",5054,"[-5312,-630]",4682,0.44444,827,6,15,10.7,4.68,414,0,0,0,337,81.4,0.92,77,18.6,2.12,827,6.54,1.18,18.04,5.36,81.92,46,27,58.7,19,41.3,1.36,1.23,90.44,0.07,5.49,0.02,1.4,0,0.01,0,0.12,0,0,0,0,0,0,0,0,0,2147483647,0,0,0
Forget20-AP_6_3_1-1000_2box_1_2,Forget20-AP_6_3_1-1000_2box,2,1,AP,36,3,2box,"[1,1000]",999,breadth,mfavg,None,TRUE,62,"[-5200,-755]",4445,"[-5662,-915]",4747,"[-5271,-1059]",4212,0.22222,735,6,17,10.82,5.37,368,0,0,0,261,70.92,0.84,107,29.08,1.47,735,5.77,0.51,8.8,5.26,91.16,23,10,43.48,13,56.52,0.99,0.91,92.22,0.04,4.45,0.01,0.93,0,0.01,0,0.04,0,0,0,0,0,0,0,0,0,2147483647,0,0,0
Forget20-AP_6_3_1-1000_2box_1_2,Forget20-AP_6_3_1-1000_2box,2,1,AP,36,3,2box,"[1,1000]",999,breadth,mof,None,TRUE,62,"[-5200,-755]",4445,"[-5662,-915]",4747,"[-5271,-1059]",4212,0.22222,797,6,17,11.09,5.63,399,0,0,0,267,66.92,0.83,132,33.08,1.35,797,5.66,0.44,7.76,5.22,92.23,22,8,36.36,14,63.64,1.03,0.94,91.62,0.05,4.88,0.01,0.58,0,0.01,0,0.13,0,0,0,0,0,0,0,0,0,2147483647,0,0,0
Forget20-AP_6_3_1-1000_2box_1_2,Forget20-AP_6_3_1-1000_2box,2,1,AP,36,3,2box,"[1,1000]",999,depth,mfavg,None,TRUE,62,"[-5200,-755]",4445,"[-5662,-915]",4747,"[-5271,-1059]",4212,0.22222,849,6,17,10.96,5.37,425,0,0,0,320,75.29,0.84,105,24.71,1.37,849,5.57,0.45,8.15,5.11,91.82,23,10,43.48,13,56.52,1.07,1,93.7,0.03,3.23,0.01,0.83,0,0.01,0,0.04,0,0,0,0,0,0,0,0,0,2147483647,0,0,0
Forget20-AP_6_3_1-1000_2box_1_2,Forget20-AP_6_3_1-1000_2box,2,1,AP,36,3,2box,"[1,1000]",999,depth,mof,None,TRUE,62,"[-5200,-755]",4445,"[-5662,-915]",4747,"[-5271,-1059]",4212,0.22222,875,6,17,11.13,5.63,438,0,0,0,319,72.83,0.86,119,27.17,1.35,875,5.51,0.41,7.45,5.1,92.56,22,8,36.36,14,63.64,1.11,1.05,93.86,0.04,3.55,0.01,0.54,0,0.01,0,0.14,0,0,0,0,0,0,0,0,0,2147483647,0,0,0
Forget20-AP_6_3_1-1000_2box_1_3,Forget20-AP_6_3_1-1000_2box,3,1,AP,36,3,2box,"[1,1000]",999,breadth,mfavg,None,TRUE,105,"[-5088,-1455]",3633,"[-4536,-1121]",3415,"[-5259,-1803]",3456,0.25,743,6,17,10.82,4.79,372,0,0,0,261,70.16,0.88,111,29.84,1.81,743,6.29,0.97,15.46,5.31,84.46,34,21,61.76,13,38.24,1.13,1.01,89.45,0.08,7.33,0.02,1.37,0,0.01,0,0.03,0,0,0,0,0,0,0,0,0,2147483647,0,0,0
Forget20-AP_6_3_1-1000_2box_1_3,Forget20-AP_6_3_1-1000_2box,3,1,AP,36,3,2box,"[1,1000]",999,breadth,mof,None,TRUE,105,"[-5088,-1455]",3633,"[-4536,-1121]",3415,"[-5259,-1803]",3456,0.25,735,6,17,10.82,4.8,368,0,0,0,253,68.75,0.86,115,31.25,1.7,735,6.29,0.97,15.35,5.33,84.72,34,21,61.76,13,38.24,1.12,0.99,88.93,0.08,7.23,0.01,1.12,0,0.01,0,0.13,0,0,0,0,0,0,0,0,0,2147483647,0,0,0
Forget20-AP_6_3_1-1000_2box_1_3,Forget20-AP_6_3_1-1000_2box,3,1,AP,36,3,2box,"[1,1000]",999,depth,mfavg,None,TRUE,105,"[-5088,-1455]",3633,"[-4536,-1121]",3415,"[-5259,-1803]",3456,0.25,779,6,17,10.81,4.79,390,0,0,0,283,72.56,0.86,107,27.44,1.66,779,6.18,0.93,15.02,5.25,84.97,34,21,61.76,13,38.24,1.12,1.02,90.71,0.07,6.15,0.02,1.34,0,0.01,0,0.03,0,0,0,0,0,0,0,0,0,2147483647,0,0,0
Forget20-AP_6_3_1-1000_2box_1_3,Forget20-AP_6_3_1-1000_2box,3,1,AP,36,3,2box,"[1,1000]",999,depth,mof,None,TRUE,105,"[-5088,-1455]",3633,"[-4536,-1121]",3415,"[-5259,-1803]",3456,0.25,775,6,17,10.8,4.8,388,0,0,0,277,71.39,0.87,111,28.61,1.73,775,6.17,0.92,14.87,5.25,85.08,34,21,61.76,13,38.24,1.15,1.04,90.37,0.07,6.04,0.02,1.69,0,0.01,0,0.13,0,0,0,0,0,0,0,0,0,2147483647,0,0,0
Forget20-AP_6_3_1-1000_2box_1_4,Forget20-AP_6_3_1-1000_2box,4,1,AP,36,3,2box,"[1,1000]",999,breadth,mfavg,None,TRUE,89,"[-5340,-1587]",3753,"[-4459,-952]",3507,"[-5325,-1524]",3801,0.30556,603,6,15,10.31,4.49,302,0,0,0,185,61.26,0.91,117,38.74,1.75,603,6.7,0.95,14.2,5.75,85.8,37,18,48.65,19,51.35,0.96,0.87,90.29,0.06,6.3,0.01,0.89,0,0.01,0,0.03,0,0,0,0,0,0,0,0,0,2147483647,0,0,0
Forget20-AP_6_3_1-1000_2box_1_4,Forget20-AP_6_3_1-1000_2box,4,1,AP,36,3,2box,"[1,1000]",999,breadth,mof,None,TRUE,89,"[-5340,-1587]",3753,"[-4459,-952]",3507,"[-5325,-1524]",3801,0.30556,601,6,15,10.29,4.51,301,0,0,0,187,62.13,0.9,114,37.87,1.83,601,6.66,0.93,14,5.72,85.94,37,18,48.65,19,51.35,0.96,0.87,90.23,0.07,7.03,0.01,0.9,0,0.01,0,0.12,0,0,0,0,0,0,0,0,0,2147483647,0,0,0
Forget20-AP_6_3_1-1000_2box_1_4,Forget20-AP_6_3_1-1000_2box,4,1,AP,36,3,2box,"[1,1000]",999,depth,mfavg,None,TRUE,89,"[-5340,-1587]",3753,"[-4459,-952]",3507,"[-5325,-1524]",3801,0.30556,647,6,15,10.42,4.49,324,0,0,0,213,65.74,0.89,111,34.26,1.68,647,6.52,0.89,13.64,5.63,86.38,37,18,48.65,19,51.35,0.98,0.9,91.45,0.05,5.06,0.01,0.94,0,0.01,0,0.03,0,0,0,0,0,0,0,0,0,2147483647,0,0,0
Forget20-AP_6_3_1-1000_2box_1_4,Forget20-AP_6_3_1-1000_2box,4,1,AP,36,3,2box,"[1,1000]",999,depth,mof,None,TRUE,89,"[-5340,-1587]",3753,"[-4459,-952]",3507,"[-5325,-1524]",3801,0.30556,649,6,15,10.41,4.51,325,0,0,0,215,66.15,0.88,110,33.85,1.64,649,6.48,0.87,13.42,5.61,86.63,37,18,48.65,19,51.35,0.97,0.89,91.76,0.05,5.02,0.01,1.32,0,0.01,0,0.12,0,0,0,0,0,0,0,0,0,2147483647,0,0,0
Forget20-AP_6_3_1-1000_2box_1_5,Forget20-AP_6_3_1-1000_2box,5,1,AP,36,3,2box,"[1,1000]",999,breadth,mfavg,None,TRUE,90,"[-5063,-1090]",3973,"[-5472,-665]",4807,"[-5491,-737]",4754,0.30556,659,6,16,10.45,4.52,330,0,0,0,244,73.94,0.89,86,26.06,1.73,659,6.46,0.98,15.25,5.47,84.68,35,17,48.57,18,51.43,0.98,0.9,91.33,0.05,5.1,0.01,1.32,0,0.01,0,0.03,0,0,0,0,0,0,0,0,0,2147483647,0,0,0
Forget20-AP_6_3_1-1000_2box_1_5,Forget20-AP_6_3_1-1000_2box,5,1,AP,36,3,2box,"[1,1000]",999,breadth,mof,None,TRUE,90,"[-5063,-1090]",3973,"[-5472,-665]",4807,"[-5491,-737]",4754,0.30556,689,6,16,10.54,4.49,345,0,0,0,258,74.78,0.91,87,25.22,1.73,689,6.27,0.91,14.53,5.36,85.43,35,17,48.57,18,51.43,1.03,0.95,91.6,0.05,5.05,0.01,1.37,0,0.01,0,0.13,0,0,0,0,0,0,0,0,0,2147483647,0,0,0
Forget20-AP_6_3_1-1000_2box_1_5,Forget20-AP_6_3_1-1000_2box,5,1,AP,36,3,2box,"[1,1000]",999,depth,mfavg,None,TRUE,90,"[-5063,-1090]",3973,"[-5472,-665]",4807,"[-5491,-737]",4754,0.30556,675,6,16,10.46,4.52,338,0,0,0,254,75.15,0.91,84,24.85,1.63,675,6.4,0.96,15.03,5.43,84.9,35,17,48.57,18,51.43,1,0.93,92.91,0.04,3.66,0.02,1.67,0,0.01,0,0.03,0,0,0,0,0,0,0,0,0,2147483647,0,0,0
Forget20-AP_6_3_1-1000_2box_1_5,Forget20-AP_6_3_1-1000_2box,5,1,AP,36,3,2box,"[1,1000]",999,depth,mof,None,TRUE,90,"[-5063,-1090]",3973,"[-5472,-665]",4807,"[-5491,-737]",4754,0.30556,697,6,16,10.55,4.49,349,0,0,0,264,75.64,0.91,85,24.36,1.57,697,6.24,0.9,14.43,5.34,85.54,35,17,48.57,18,51.43,1,0.93,93.11,0.04,3.67,0.01,0.93,0,0.01,0,0.13,0,0,0,0,0,0,0,0,0,2147483647,0,0,0
Forget20-AP_6_3_1-1000_2box_1_6,Forget20-AP_6_3_1-1000_2box,6,1,AP,36,3,2box,"[1,1000]",999,breadth,mfavg,None,TRUE,77,"[-4900,-701]",4199,"[-5579,-1878]",3701,"[-4703,-621]",4082,0.13889,641,6,15,10.35,4.81,321,0,0,0,197,61.37,0.88,124,38.63,1.67,641,6.93,1.19,17.21,5.74,82.77,31,18,58.06,13,41.94,1,0.92,91.76,0.06,5.89,0.01,0.73,0,0.01,0,0.03,0,0,0,0,0,0,0,0,0,2147483647,0,0,0
Forget20-AP_6_3_1-1000_2box_1_6,Forget20-AP_6_3_1-1000_2box,6,1,AP,36,3,2box,"[1,1000]",999,breadth,mof,None,TRUE,77,"[-4900,-701]",4199,"[-5579,-1878]",3701,"[-4703,-621]",4082,0.13889,611,6,15,10.28,4.86,306,0,0,0,189,61.76,0.89,117,38.24,1.73,611,6.89,1.11,16.06,5.78,83.91,30,16,53.33,14,46.67,0.96,0.88,90.99,0.06,5.76,0.01,0.74,0,0.01,0,0.12,0,0,0,0,0,0,0,0,0,2147483647,0,0,0
Forget20-AP_6_3_1-1000_2box_1_6,Forget20-AP_6_3_1-1000_2box,6,1,AP,36,3,2box,"[1,1000]",999,depth,mfavg,None,TRUE,77,"[-4900,-701]",4199,"[-5579,-1878]",3701,"[-4703,-621]",4082,0.13889,675,6,15,10.39,4.81,338,0,0,0,216,63.91,0.89,122,36.09,1.59,675,6.8,1.14,16.76,5.66,83.25,31,18,58.06,13,41.94,1.04,0.96,92.76,0.05,4.48,0.01,0.76,0,0.01,0,0.03,0,0,0,0,0,0,0,0,0,2147483647,0,0,0
Forget20-AP_6_3_1-1000_2box_1_6,Forget20-AP_6_3_1-1000_2box,6,1,AP,36,3,2box,"[1,1000]",999,depth,mof,None,TRUE,77,"[-4900,-701]",4199,"[-5579,-1878]",3701,"[-4703,-621]",4082,0.13889,661,6,15,10.39,4.86,331,0,0,0,209,63.14,0.89,122,36.86,1.55,661,6.72,1.04,15.44,5.69,84.63,30,16,53.33,14,46.67,1.01,0.93,92.25,0.05,4.59,0.01,1.08,0,0.01,0,0.13,0,0,0,0,0,0,0,0,0,2147483647,0,0,0
Forget20-AP_6_3_1-1000_2box_1_7,Forget20-AP_6_3_1-1000_2box,7,1,AP,36,3,2box,"[1,1000]",999,breadth,mfavg,None,TRUE,54,"[-5401,-408]",4993,"[-5291,-528]",4763,"[-5335,-670]",4665,0.30556,461,6,17,9.98,3.85,231,0,0,0,110,47.62,0.91,121,52.38,1.71,461,7.49,1.2,16.01,6.29,83.95,31,13,41.94,18,58.06,0.78,0.73,92.87,0.04,4.69,0.01,0.91,0,0.01,0,0.03,0,0,0,0,0,0,0,0,0,2147483647,0,0,0
Forget20-AP_6_3_1-1000_2box_1_7,Forget20-AP_6_3_1-1000_2box,7,1,AP,36,3,2box,"[1,1000]",999,breadth,mof,None,TRUE,54,"[-5401,-408]",4993,"[-5291,-528]",4763,"[-5335,-670]",4665,0.30556,471,6,15,9.98,3.91,236,0,0,0,119,50.42,0.89,117,49.58,1.63,471,7.11,1.07,15.02,6.04,84.95,31,13,41.94,18,58.06,0.76,0.71,92.5,0.04,4.86,0,0.52,0,0.01,0,0.11,0,0,0,0,0,0,0,0,0,2147483647,0,0,0
Forget20-AP_6_3_1-1000_2box_1_7,Forget20-AP_6_3_1-1000_2box,7,1,AP,36,3,2box,"[1,1000]",999,depth,mfavg,None,TRUE,54,"[-5401,-408]",4993,"[-5291,-528]",4763,"[-5335,-670]",4665,0.30556,517,6,17,10.12,3.85,259,0,0,0,137,52.9,0.91,122,47.1,1.61,517,7.18,1.09,15.17,6.09,84.82,31,13,41.94,18,58.06,0.84,0.79,94.48,0.03,3.49,0,0.49,0,0.01,0,0.03,0,0,0,0,0,0,0,0,0,2147483647,0,0,0
Forget20-AP_6_3_1-1000_2box_1_7,Forget20-AP_6_3_1-1000_2box,7,1,AP,36,3,2box,"[1,1000]",999,depth,mof,None,TRUE,54,"[-5401,-408]",4993,"[-5291,-528]",4763,"[-5335,-670]",4665,0.30556,531,6,15,10.15,3.91,266,0,0,0,149,56.02,0.85,117,43.98,1.43,531,6.8,0.96,14.16,5.83,85.78,31,13,41.94,18,58.06,0.79,0.74,94.09,0.03,3.33,0,0.49,0,0.01,0,0.12,0,0,0,0,0,0,0,0,0,2147483647,0,0,0
Forget20-AP_6_3_1-1000_2box_1_8,Forget20-AP_6_3_1-1000_2box,8,1,AP,36,3,2box,"[1,1000]",999,breadth,mfavg,None,TRUE,69,"[-5139,-630]",4509,"[-5246,-1476]",3770,"[-5238,-1109]",4129,0.33333,665,6,15,10.49,4.8,333,0,0,0,209,62.76,0.86,124,37.24,1.48,665,6.21,0.69,11.11,5.52,88.86,29,14,48.28,15,51.72,0.95,0.87,91.96,0.05,5.63,0.01,0.64,0,0.01,0,0.03,0,0,0,0,0,0,0,0,0,2147483647,0,0,0
Forget20-AP_6_3_1-1000_2box_1_8,Forget20-AP_6_3_1-1000_2box,8,1,AP,36,3,2box,"[1,1000]",999,breadth,mof,None,TRUE,69,"[-5139,-630]",4509,"[-5246,-1476]",3770,"[-5238,-1109]",4129,0.33333,689,6,17,10.88,5.41,345,0,0,0,221,64.06,0.88,124,35.94,1.55,689,6.17,0.63,10.26,5.54,89.79,34,16,47.06,18,52.94,1.01,0.92,91.54,0.05,5.33,0.01,0.59,0,0.01,0,0.12,0,0,0,0,0,0,0,0,0,2147483647,0,0,0
Forget20-AP_6_3_1-1000_2box_1_8,Forget20-AP_6_3_1-1000_2box,8,1,AP,36,3,2box,"[1,1000]",999,depth,mfavg,None,TRUE,69,"[-5139,-630]",4509,"[-5246,-1476]",3770,"[-5238,-1109]",4129,0.33333,719,6,15,10.54,4.8,360,0,0,0,250,69.44,0.85,110,30.56,1.44,719,6.01,0.64,10.63,5.37,89.4,29,14,48.28,15,51.72,0.98,0.91,92.72,0.04,4.22,0.01,0.65,0,0.01,0,0.04,0,0,0,0,0,0,0,0,0,2147483647,0,0,0
Forget20-AP_6_3_1-1000_2box_1_8,Forget20-AP_6_3_1-1000_2box,8,1,AP,36,3,2box,"[1,1000]",999,depth,mof,None,TRUE,69,"[-5139,-630]",4509,"[-5246,-1476]",3770,"[-5238,-1109]",4129,0.33333,735,6,17,10.91,5.41,368,0,0,0,256,69.57,0.9,112,30.43,1.49,735,6.01,0.59,9.88,5.41,90.06,34,16,47.06,18,52.94,1.04,0.98,93.65,0.04,3.63,0.01,0.57,0,0.01,0,0.13,0,0,0,0,0,0,0,0,0,2147483647,0,0,0
Forget20-AP_6_3_1-1000_2box_1_9,Forget20-AP_6_3_1-1000_2box,9,1,AP,36,3,2box,"[1,1000]",999,breadth,mfavg,None,TRUE,105,"[-4925,-834]",4091,"[-5329,-1425]",3904,"[-4474,-848]",3626,0.33333,743,6,16,10.58,4.4,372,0,0,0,261,70.16,0.89,111,29.84,1.82,743,6.95,1.24,17.89,5.71,82.16,36,19,52.78,17,47.22,1.21,1.09,90.07,0.07,5.94,0.02,1.36,0,0.01,0,0.03,0,0,0,0,0,0,0,0,0,2147483647,0,0,0
Forget20-AP_6_3_1-1000_2box_1_9,Forget20-AP_6_3_1-1000_2box,9,1,AP,36,3,2box,"[1,1000]",999,breadth,mof,None,TRUE,105,"[-4925,-834]",4091,"[-5329,-1425]",3904,"[-4474,-848]",3626,0.33333,745,6,16,10.58,4.48,373,0,0,0,266,71.31,0.9,107,28.69,1.89,745,6.88,1.21,17.59,5.67,82.39,36,19,52.78,17,47.22,1.22,1.1,90.01,0.08,6.36,0.02,1.3,0,0.01,0,0.13,0,0,0,0,0,0,0,0,0,2147483647,0,0,0
Forget20-AP_6_3_1-1000_2box_1_9,Forget20-AP_6_3_1-1000_2box,9,1,AP,36,3,2box,"[1,1000]",999,depth,mfavg,None,TRUE,105,"[-4925,-834]",4091,"[-5329,-1425]",3904,"[-4474,-848]",3626,0.33333,761,6,16,10.61,4.4,381,0,0,0,269,70.6,0.88,112,29.4,1.78,761,6.89,1.22,17.69,5.67,82.25,36,19,52.78,17,47.22,1.21,1.11,91.34,0.06,5.14,0.01,1.22,0,0.01,0,0.03,0,0,0,0,0,0,0,0,0,2147483647,0,0,0
Forget20-AP_6_3_1-1000_2box_1_9,Forget20-AP_6_3_1-1000_2box,9,1,AP,36,3,2box,"[1,1000]",999,depth,mof,None,TRUE,105,"[-4925,-834]",4091,"[-5329,-1425]",3904,"[-4474,-848]",3626,0.33333,761,6,16,10.61,4.48,381,0,0,0,274,71.92,0.91,107,28.08,1.81,761,6.84,1.19,17.43,5.65,82.64,36,19,52.78,17,47.22,1.23,1.13,91.51,0.06,4.91,0.01,0.9,0,0.01,0,0.13,0,0,0,0,0,0,0,0,0,2147483647,0,0,0
Forget20-AP_6_3_1000-2000_2box_1_1,Forget20-AP_6_3_1000-2000_2box,1,1,AP,36,3,2box,"[1000,2000]",1000,breadth,mfavg,None,TRUE,99,"[-11076,-6431]",4645,"[-11627,-6813]",4814,"[-11187,-6631]",4556,0.27778,803,6,18,11.07,5.4,402,0,0,0,273,67.91,0.93,129,32.09,1.71,803,6.66,1.05,15.81,5.61,84.2,37,21,56.76,16,43.24,1.31,1.19,90.81,0.07,5.59,0.01,0.9,0,0.01,0,0.03,0,0,0,0,0,0,0,0,0,2147483647,0,0,0
Forget20-AP_6_3_1000-2000_2box_1_1,Forget20-AP_6_3_1000-2000_2box,1,1,AP,36,3,2box,"[1000,2000]",1000,breadth,mof,None,TRUE,99,"[-11076,-6431]",4645,"[-11627,-6813]",4814,"[-11187,-6631]",4556,0.27778,783,6,17,10.91,5.36,392,0,0,0,277,70.66,0.96,115,29.34,1.8,783,6.39,0.86,13.53,5.52,86.41,29,17,58.62,12,41.38,1.26,1.14,90.41,0.08,6.36,0.01,0.92,0,0.01,0,0.12,0,0,0,0,0,0,0,0,0,2147483647,0,0,0
Forget20-AP_6_3_1000-2000_2box_1_1,Forget20-AP_6_3_1000-2000_2box,1,1,AP,36,3,2box,"[1000,2000]",1000,depth,mfavg,None,TRUE,99,"[-11076,-6431]",4645,"[-11627,-6813]",4814,"[-11187,-6631]",4556,0.27778,841,6,18,11.1,5.4,421,0,0,0,294,69.83,0.94,127,30.17,1.61,841,6.54,1.01,15.4,5.53,84.56,37,21,56.76,16,43.24,1.35,1.24,92.31,0.06,4.49,0.01,1.09,0,0.01,0,0.03,0,0,0,0,0,0,0,0,0,2147483647,0,0,0
Forget20-AP_6_3_1000-2000_2box_1_1,Forget20-AP_6_3_1000-2000_2box,1,1,AP,36,3,2box,"[1000,2000]",1000,depth,mof,None,TRUE,99,"[-11076,-6431]",4645,"[-11627,-6813]",4814,"[-11187,-6631]",4556,0.27778,813,6,17,10.92,5.36,407,0,0,0,296,72.73,0.9,111,27.27,1.63,813,6.3,0.83,13.25,5.46,86.73,29,17,58.62,12,41.38,1.23,1.13,91.79,0.06,4.82,0.01,0.85,0,0.01,0,0.12,0,0,0,0,0,0,0,0,0,2147483647,0,0,0
Forget20-AP_6_3_1000-2000_2box_1_10,Forget20-AP_6_3_1000-2000_2box,10,1,AP,36,3,2box,"[1000,2000]",1000,breadth,mfavg,None,TRUE,74,"[-11380,-6398]",4982,"[-11014,-6649]",4365,"[-11163,-7192]",3971,0.44444,593,6,15,10.11,4.86,297,0,0,0,198,66.67,0.86,99,33.33,1.82,593,6.96,1.29,18.52,5.67,81.49,38,22,57.89,16,42.11,0.94,0.86,91.44,0.05,5.72,0.01,0.75,0,0.01,0,0.03,0,0,0,0,0,0,0,0,0,2147483647,0,0,0
Forget20-AP_6_3_1000-2000_2box_1_10,Forget20-AP_6_3_1000-2000_2box,10,1,AP,36,3,2box,"[1000,2000]",1000,breadth,mof,None,TRUE,74,"[-11380,-6398]",4982,"[-11014,-6649]",4365,"[-11163,-7192]",3971,0.44444,593,6,14,10.16,4.85,297,0,0,0,185,62.29,0.89,112,37.71,1.77,593,7.07,1.35,19.03,5.73,81.04,38,22,57.89,16,42.11,0.99,0.9,91.44,0.05,5.27,0.01,0.87,0,0.01,0,0.13,0,0,0,0,0,0,0,0,0,2147483647,0,0,0
Forget20-AP_6_3_1000-2000_2box_1_10,Forget20-AP_6_3_1000-2000_2box,10,1,AP,36,3,2box,"[1000,2000]",1000,depth,mfavg,None,TRUE,74,"[-11380,-6398]",4982,"[-11014,-6649]",4365,"[-11163,-7192]",3971,0.44444,597,6,15,10.09,4.86,299,0,0,0,208,69.57,0.89,91,30.43,1.73,597,6.82,1.24,18.16,5.58,81.85,38,22,57.89,16,42.11,0.95,0.88,92.77,0.04,4.06,0.01,1.14,0,0.01,0,0.03,0,0,0,0,0,0,0,0,0,2147483647,0,0,0
Forget20-AP_6_3_1000-2000_2box_1_10,Forget20-AP_6_3_1000-2000_2box,10,1,AP,36,3,2box,"[1000,2000]",1000,depth,mof,None,TRUE,74,"[-11380,-6398]",4982,"[-11014,-6649]",4365,"[-11163,-7192]",3971,0.44444,597,6,14,10.14,4.85,299,0,0,0,197,65.89,0.91,102,34.11,1.73,597,6.9,1.28,18.6,5.61,81.33,38,22,57.89,16,42.11,0.97,0.9,92.81,0.04,4.4,0.01,0.88,0,0.01,0,0.14,0,0,0,0,0,0,0,0,0,2147483647,0,0,0
Forget20-AP_6_3_1000-2000_2box_1_2,Forget20-AP_6_3_1000-2000_2box,2,1,AP,36,3,2box,"[1000,2000]",1000,breadth,mfavg,None,TRUE,87,"[-11173,-7069]",4104,"[-11254,-7170]",4084,"[-11302,-6884]",4418,0.36111,615,6,16,10.38,4.29,308,0,0,0,189,61.36,0.87,119,38.64,1.72,615,7.53,1.69,22.5,5.84,77.56,43,26,60.47,17,39.53,1.03,0.95,91.74,0.06,5.36,0.01,0.88,0,0.01,0,0.03,0,0,0,0,0,0,0,0,0,2147483647,0,0,0
Forget20-AP_6_3_1000-2000_2box_1_2,Forget20-AP_6_3_1000-2000_2box,2,1,AP,36,3,2box,"[1000,2000]",1000,breadth,mof,None,TRUE,87,"[-11173,-7069]",4104,"[-11254,-7170]",4084,"[-11302,-6884]",4418,0.36111,617,6,17,10.46,4.44,309,0,0,0,187,60.52,0.9,122,39.48,1.74,617,7.35,1.54,20.99,5.81,79.03,43,26,60.47,17,39.53,1.04,0.94,91.14,0.06,5.81,0.01,1.29,0,0.01,0,0.12,0,0,0,0,0,0,0,0,0,2147483647,0,0,0
Forget20-AP_6_3_1000-2000_2box_1_2,Forget20-AP_6_3_1000-2000_2box,2,1,AP,36,3,2box,"[1000,2000]",1000,depth,mfavg,None,TRUE,87,"[-11173,-7069]",4104,"[-11254,-7170]",4084,"[-11302,-6884]",4418,0.36111,655,6,16,10.38,4.29,328,0,0,0,215,65.55,0.88,113,34.45,1.67,655,7.32,1.6,21.87,5.72,78.17,43,26,60.47,17,39.53,1.07,0.98,92.21,0.05,4.95,0.01,1.14,0,0.01,0,0.03,0,0,0,0,0,0,0,0,0,2147483647,0,0,0
Forget20-AP_6_3_1000-2000_2box_1_2,Forget20-AP_6_3_1000-2000_2box,2,1,AP,36,3,2box,"[1000,2000]",1000,depth,mof,None,TRUE,87,"[-11173,-7069]",4104,"[-11254,-7170]",4084,"[-11302,-6884]",4418,0.36111,653,6,17,10.46,4.44,327,0,0,0,213,65.14,0.92,114,34.86,1.63,653,7.14,1.46,20.43,5.68,79.52,43,26,60.47,17,39.53,1.07,0.99,92.54,0.05,4.25,0.01,0.83,0,0.01,0,0.12,0,0,0,0,0,0,0,0,0,2147483647,0,0,0
Forget20-AP_6_3_1000-2000_2box_1_3,Forget20-AP_6_3_1000-2000_2box,3,1,AP,36,3,2box,"[1000,2000]",1000,breadth,mfavg,None,TRUE,74,"[-11202,-6723]",4479,"[-11248,-7157]",4091,"[-11080,-6501]",4579,0.16667,577,6,17,10.46,4.3,289,0,0,0,202,69.9,0.88,87,30.1,1.69,577,6.46,0.9,13.88,5.56,86.12,37,20,54.05,17,45.95,0.85,0.78,91.33,0.04,5.19,0.01,1.22,0,0.01,0,0.03,0,0,0,0,0,0,0,0,0,2147483647,0,0,0
Forget20-AP_6_3_1000-2000_2box_1_3,Forget20-AP_6_3_1000-2000_2box,3,1,AP,36,3,2box,"[1000,2000]",1000,breadth,mof,None,TRUE,74,"[-11202,-6723]",4479,"[-11248,-7157]",4091,"[-11080,-6501]",4579,0.16667,607,6,17,10.42,4.32,304,0,0,0,205,67.43,0.89,99,32.57,1.62,607,6.21,0.72,11.64,5.49,88.35,37,20,54.05,17,45.95,0.89,0.81,91.43,0.05,5.42,0.01,0.75,0,0.01,0,0.12,0,0,0,0,0,0,0,0,0,2147483647,0,0,0
Forget20-AP_6_3_1000-2000_2box_1_3,Forget20-AP_6_3_1000-2000_2box,3,1,AP,36,3,2box,"[1000,2000]",1000,depth,mfavg,None,TRUE,74,"[-11202,-6723]",4479,"[-11248,-7157]",4091,"[-11080,-6501]",4579,0.16667,607,6,17,10.51,4.3,304,0,0,0,220,72.37,0.89,84,27.63,1.59,607,6.35,0.86,13.62,5.49,86.44,37,20,54.05,17,45.95,0.88,0.82,93.1,0.03,3.82,0.01,0.78,0,0.01,0,0.03,0,0,0,0,0,0,0,0,0,2147483647,0,0,0
Forget20-AP_6_3_1000-2000_2box_1_3,Forget20-AP_6_3_1000-2000_2box,3,1,AP,36,3,2box,"[1000,2000]",1000,depth,mof,None,TRUE,74,"[-11202,-6723]",4479,"[-11248,-7157]",4091,"[-11080,-6501]",4579,0.16667,643,6,17,10.49,4.32,322,0,0,0,224,69.57,0.87,98,30.43,1.5,643,6.09,0.68,11.2,5.41,88.79,37,20,54.05,17,45.95,0.91,0.83,91.86,0.04,4.62,0.01,1.13,0,0.01,0,0.13,0,0,0,0,0,0,0,0,0,2147483647,0,0,0
Forget20-AP_6_3_1000-2000_2box_1_4,Forget20-AP_6_3_1000-2000_2box,4,1,AP,36,3,2box,"[1000,2000]",1000,breadth,mfavg,None,TRUE,62,"[-10869,-7165]",3704,"[-11559,-7918]",3641,"[-10838,-6871]",3967,0.55556,587,6,17,10.44,4.23,294,0,0,0,183,62.24,0.89,111,37.76,1.58,587,6.47,0.76,11.75,5.71,88.27,35,17,48.57,18,51.43,0.89,0.82,92.66,0.04,4.95,0.01,0.65,0,0.01,0,0.03,0,0,0,0,0,0,0,0,0,2147483647,0,0,0
Forget20-AP_6_3_1000-2000_2box_1_4,Forget20-AP_6_3_1000-2000_2box,4,1,AP,36,3,2box,"[1000,2000]",1000,breadth,mof,None,TRUE,62,"[-10869,-7165]",3704,"[-11559,-7918]",3641,"[-10838,-6871]",3967,0.55556,605,6,17,10.67,4.29,303,0,0,0,192,63.37,0.88,111,36.63,1.47,605,6.31,0.71,11.24,5.6,88.78,35,17,48.57,18,51.43,0.86,0.8,92.59,0.04,4.42,0.01,0.66,0,0.01,0,0.13,0,0,0,0,0,0,0,0,0,2147483647,0,0,0
Forget20-AP_6_3_1000-2000_2box_1_4,Forget20-AP_6_3_1000-2000_2box,4,1,AP,36,3,2box,"[1000,2000]",1000,depth,mfavg,None,TRUE,62,"[-10869,-7165]",3704,"[-11559,-7918]",3641,"[-10838,-6871]",3967,0.55556,599,6,17,10.47,4.23,300,0,0,0,191,63.67,0.85,109,36.33,1.47,599,6.4,0.74,11.59,5.65,88.34,35,17,48.57,18,51.43,0.85,0.79,93.29,0.03,3.69,0.01,0.6,0,0.01,0,0.04,0,0,0,0,0,0,0,0,0,2147483647,0,0,0
Forget20-AP_6_3_1000-2000_2box_1_4,Forget20-AP_6_3_1000-2000_2box,4,1,AP,36,3,2box,"[1000,2000]",1000,depth,mof,None,TRUE,62,"[-10869,-7165]",3704,"[-11559,-7918]",3641,"[-10838,-6871]",3967,0.55556,615,6,17,10.68,4.29,308,0,0,0,200,64.94,0.86,108,35.06,1.46,615,6.27,0.7,11.18,5.57,88.88,35,17,48.57,18,51.43,0.87,0.81,93.22,0.03,4.02,0.01,0.58,0,0.01,0,0.13,0,0,0,0,0,0,0,0,0,2147483647,0,0,0
Forget20-AP_6_3_1000-2000_2box_1_5,Forget20-AP_6_3_1000-2000_2box,5,1,AP,36,3,2box,"[1000,2000]",1000,breadth,mfavg,None,TRUE,120,"[-11274,-7018]",4256,"[-11278,-6490]",4788,"[-11257,-6859]",4398,0.41667,733,6,17,10.82,5.15,367,0,0,0,257,70.03,0.96,110,29.97,2.01,733,6.86,1.21,17.62,5.65,82.38,35,20,57.14,15,42.86,1.23,1.11,89.79,0.09,6.91,0.02,1.49,0,0.01,0,0.03,0,0,0,0,0,0,0,0,0,2147483647,0,0,0
Forget20-AP_6_3_1000-2000_2box_1_5,Forget20-AP_6_3_1000-2000_2box,5,1,AP,36,3,2box,"[1000,2000]",1000,breadth,mof,None,TRUE,120,"[-11274,-7018]",4256,"[-11278,-6490]",4788,"[-11257,-6859]",4398,0.41667,749,6,18,11.29,5.91,375,0,0,0,265,70.67,0.9,110,29.33,1.85,749,6.56,0.93,14.23,5.63,85.83,32,15,46.88,17,53.12,1.21,1.08,89.52,0.08,6.41,0.02,1.52,0,0.01,0,0.12,0,0,0,0,0,0,0,0,0,2147483647,0,0,0
Forget20-AP_6_3_1000-2000_2box_1_5,Forget20-AP_6_3_1000-2000_2box,5,1,AP,36,3,2box,"[1000,2000]",1000,depth,mfavg,None,TRUE,120,"[-11274,-7018]",4256,"[-11278,-6490]",4788,"[-11257,-6859]",4398,0.41667,775,6,17,10.85,5.15,388,0,0,0,276,71.13,0.87,112,28.87,1.79,775,6.75,1.16,17.17,5.59,82.85,35,20,57.14,15,42.86,1.22,1.11,90.98,0.08,6.22,0.01,1.11,0,0.01,0,0.03,0,0,0,0,0,0,0,0,0,2147483647,0,0,0
Forget20-AP_6_3_1000-2000_2box_1_5,Forget20-AP_6_3_1000-2000_2box,5,1,AP,36,3,2box,"[1000,2000]",1000,depth,mof,None,TRUE,120,"[-11274,-7018]",4256,"[-11278,-6490]",4788,"[-11257,-6859]",4398,0.41667,787,6,18,11.28,5.91,394,0,0,0,288,73.1,0.89,106,26.9,1.78,787,6.44,0.89,13.89,5.55,86.17,32,15,46.88,17,53.12,1.23,1.12,91.25,0.06,5.14,0.01,1.17,0,0.01,0,0.13,0,0,0,0,0,0,0,0,0,2147483647,0,0,0
Forget20-AP_6_3_1000-2000_2box_1_6,Forget20-AP_6_3_1000-2000_2box,6,1,AP,36,3,2box,"[1000,2000]",1000,breadth,mfavg,None,TRUE,80,"[-11342,-7065]",4277,"[-11326,-6807]",4519,"[-11160,-7192]",3968,0.22222,627,6,15,10.37,4.69,314,0,0,0,224,71.34,1.22,90,28.66,2.52,627,6.49,0.95,14.63,5.54,85.41,33,16,48.48,17,51.52,1.32,1.19,89.89,0.09,7,0.01,0.85,0,0.01,0,0.04,0,0,0,0,0,0,0,0,0,2147483647,0,0,0
Forget20-AP_6_3_1000-2000_2box_1_6,Forget20-AP_6_3_1000-2000_2box,6,1,AP,36,3,2box,"[1000,2000]",1000,breadth,mof,None,TRUE,80,"[-11342,-7065]",4277,"[-11326,-6807]",4519,"[-11160,-7192]",3968,0.22222,637,6,15,10.41,4.7,319,0,0,0,224,70.22,1.19,95,29.78,2.48,637,6.48,0.95,14.59,5.53,85.4,33,16,48.48,17,51.52,1.34,1.19,89.28,0.1,7.17,0.02,1.23,0,0.01,0,0.13,0,0,0,0,0,0,0,0,0,2147483647,0,0,0
Forget20-AP_6_3_1000-2000_2box_1_6,Forget20-AP_6_3_1000-2000_2box,6,1,AP,36,3,2box,"[1000,2000]",1000,depth,mfavg,None,TRUE,80,"[-11342,-7065]",4277,"[-11326,-6807]",4519,"[-11160,-7192]",3968,0.22222,665,6,15,10.43,4.69,333,0,0,0,247,74.17,1.17,86,25.83,2.21,665,6.37,0.92,14.44,5.45,85.5,33,16,48.48,17,51.52,1.31,1.21,92.41,0.06,4.6,0.01,0.84,0,0.01,0,0.03,0,0,0,0,0,0,0,0,0,2147483647,0,0,0
Forget20-AP_6_3_1000-2000_2box_1_6,Forget20-AP_6_3_1000-2000_2box,6,1,AP,36,3,2box,"[1000,2000]",1000,depth,mof,None,TRUE,80,"[-11342,-7065]",4277,"[-11326,-6807]",4519,"[-11160,-7192]",3968,0.22222,667,6,15,10.47,4.7,334,0,0,0,247,73.95,1.19,87,26.05,2.28,667,6.35,0.9,14.25,5.44,85.72,33,16,48.48,17,51.52,1.34,1.23,91.78,0.07,5.12,0.02,1.16,0,0.01,0,0.14,0,0,0,0,0,0,0,0,0,2147483647,0,0,0
Forget20-AP_6_3_1000-2000_2box_1_7,Forget20-AP_6_3_1000-2000_2box,7,1,AP,36,3,2box,"[1000,2000]",1000,breadth,mfavg,None,TRUE,54,"[-11345,-6953]",4392,"[-11177,-6916]",4261,"[-11143,-6764]",4379,0.33333,651,6,15,10.36,4.13,326,0,0,0,221,67.79,1.2,105,32.21,2.26,651,6.52,0.96,14.75,5.56,85.27,29,15,51.72,14,48.28,1.35,1.25,92.78,0.07,5.03,0.01,0.52,0,0.01,0,0.03,0,0,0,0,0,0,0,0,0,2147483647,0,0,0
Forget20-AP_6_3_1000-2000_2box_1_7,Forget20-AP_6_3_1000-2000_2box,7,1,AP,36,3,2box,"[1000,2000]",1000,breadth,mof,None,TRUE,54,"[-11345,-6953]",4392,"[-11177,-6916]",4261,"[-11143,-6764]",4379,0.33333,671,6,16,10.7,4.43,336,0,0,0,221,65.77,1.22,115,34.23,2.21,671,6.49,0.91,14.02,5.58,86.03,25,11,44,14,56,1.39,1.28,92.09,0.07,5,0.01,0.79,0,0.01,0,0.13,0,0,0,0,0,0,0,0,0,2147483647,0,0,0
Forget20-AP_6_3_1000-2000_2box_1_7,Forget20-AP_6_3_1000-2000_2box,7,1,AP,36,3,2box,"[1000,2000]",1000,depth,mfavg,None,TRUE,54,"[-11345,-6953]",4392,"[-11177,-6916]",4261,"[-11143,-6764]",4379,0.33333,671,6,15,10.36,4.13,336,0,0,0,235,69.94,1.21,101,30.06,2.24,671,6.47,0.95,14.67,5.52,85.28,29,15,51.72,14,48.28,1.37,1.28,93.35,0.06,4.22,0.01,0.51,0,0.01,0,0.04,0,0,0,0,0,0,0,0,0,2147483647,0,0,0
Forget20-AP_6_3_1000-2000_2box_1_7,Forget20-AP_6_3_1000-2000_2box,7,1,AP,36,3,2box,"[1000,2000]",1000,depth,mof,None,TRUE,54,"[-11345,-6953]",4392,"[-11177,-6916]",4261,"[-11143,-6764]",4379,0.33333,707,6,16,10.73,4.43,354,0,0,0,244,68.93,1.2,110,31.07,2.11,707,6.38,0.88,13.73,5.5,86.22,25,11,44,14,56,1.42,1.32,93.02,0.06,4.43,0.01,0.51,0,0.01,0,0.14,0,0,0,0,0,0,0,0,0,2147483647,0,0,0
Forget20-AP_6_3_1000-2000_2box_1_8,Forget20-AP_6_3_1000-2000_2box,8,1,AP,36,3,2box,"[1000,2000]",1000,breadth,mfavg,None,TRUE,67,"[-11131,-6883]",4248,"[-11374,-6744]",4630,"[-10804,-6779]",4025,0.38889,595,5,18,10.58,3.96,298,0,0,0,187,62.75,0.93,111,37.25,1.8,595,7.1,1.26,17.7,5.84,82.24,30,16,53.33,14,46.67,0.98,0.91,92.67,0.05,5.08,0.01,0.65,0,0.01,0,0.03,0,0,0,0,0,0,0,0,0,2147483647,0,0,0
Forget20-AP_6_3_1000-2000_2box_1_8,Forget20-AP_6_3_1000-2000_2box,8,1,AP,36,3,2box,"[1000,2000]",1000,breadth,mof,None,TRUE,67,"[-11131,-6883]",4248,"[-11374,-6744]",4630,"[-10804,-6779]",4025,0.38889,585,5,16,10.36,3.99,293,0,0,0,178,60.75,0.86,115,39.25,1.74,585,7.24,1.33,18.4,5.91,81.66,32,18,56.25,14,43.75,0.96,0.88,91.77,0.05,5.39,0.01,0.68,0,0.01,0,0.13,0,0,0,0,0,0,0,0,0,2147483647,0,0,0
Forget20-AP_6_3_1000-2000_2box_1_8,Forget20-AP_6_3_1000-2000_2box,8,1,AP,36,3,2box,"[1000,2000]",1000,depth,mfavg,None,TRUE,67,"[-11131,-6883]",4248,"[-11374,-6744]",4630,"[-10804,-6779]",4025,0.38889,653,5,18,10.69,3.96,327,0,0,0,214,65.44,0.88,113,34.56,1.65,653,6.92,1.19,17.17,5.73,82.78,30,16,53.33,14,46.67,1.02,0.95,93.43,0.04,3.98,0.01,0.62,0,0.01,0,0.03,0,0,0,0,0,0,0,0,0,2147483647,0,0,0
Forget20-AP_6_3_1000-2000_2box_1_8,Forget20-AP_6_3_1000-2000_2box,8,1,AP,36,3,2box,"[1000,2000]",1000,depth,mof,None,TRUE,67,"[-11131,-6883]",4248,"[-11374,-6744]",4630,"[-10804,-6779]",4025,0.38889,647,5,16,10.51,3.99,324,0,0,0,208,64.2,0.87,116,35.8,1.67,647,7.02,1.25,17.79,5.77,82.17,32,18,56.25,14,43.75,1.02,0.95,92.98,0.04,4.12,0.01,0.92,0,0.01,0,0.12,0,0,0,0,0,0,0,0,0,2147483647,0,0,0
Forget20-AP_6_3_1000-2000_2box_1_9,Forget20-AP_6_3_1000-2000_2box,9,1,AP,36,3,2box,"[1000,2000]",1000,breadth,mfavg,None,TRUE,49,"[-10503,-7071]",3432,"[-11086,-7640]",3446,"[-10709,-6866]",3843,0.41667,489,6,14,9.85,3.22,245,0,0,0,138,56.33,1.16,107,43.67,2.33,489,7.5,1.52,20.21,5.98,79.77,34,20,58.82,14,41.18,1.09,1,92.21,0.06,5.63,0.01,0.57,0,0.01,0,0.03,0,0,0,0,0,0,0,0,0,2147483647,0,0,0
Forget20-AP_6_3_1000-2000_2box_1_9,Forget20-AP_6_3_1000-2000_2box,9,1,AP,36,3,2box,"[1000,2000]",1000,breadth,mof,None,TRUE,49,"[-10503,-7071]",3432,"[-11086,-7640]",3446,"[-10709,-6866]",3843,0.41667,509,6,15,10.09,3.29,255,0,0,0,132,51.76,1.14,123,48.24,2.13,509,7.43,1.44,19.34,5.99,80.66,34,20,58.82,14,41.18,1.11,1.02,92.34,0.06,5.41,0.01,0.56,0,0.01,0,0.14,0,0,0,0,0,0,0,0,0,2147483647,0,0,0
Forget20-AP_6_3_1000-2000_2box_1_9,Forget20-AP_6_3_1000-2000_2box,9,1,AP,36,3,2box,"[1000,2000]",1000,depth,mfavg,None,TRUE,49,"[-10503,-7071]",3432,"[-11086,-7640]",3446,"[-10709,-6866]",3843,0.41667,509,6,14,9.89,3.22,255,0,0,0,150,58.82,1.16,105,41.18,2.17,509,7.35,1.46,19.8,5.9,80.25,34,20,58.82,14,41.18,1.09,1.02,93.48,0.04,4.02,0.01,0.88,0,0.01,0,0.03,0,0,0,0,0,0,0,0,0,2147483647,0,0,0
Forget20-AP_6_3_1000-2000_2box_1_9,Forget20-AP_6_3_1000-2000_2box,9,1,AP,36,3,2box,"[1000,2000]",1000,depth,mof,None,TRUE,49,"[-10503,-7071]",3432,"[-11086,-7640]",3446,"[-10709,-6866]",3843,0.41667,519,6,15,10.11,3.29,260,0,0,0,142,54.62,1.18,118,45.38,2.12,519,7.34,1.41,19.19,5.93,80.78,34,20,58.82,14,41.18,1.13,1.05,92.83,0.05,4.63,0.01,0.5,0,0.01,0,0.13,0,0,0,0,0,0,0,0,0,2147483647,0,0,0
